{"cameraMode":{"drawMode":0,"name":"Shaded","section":"Shading Mode"},"sceneLighting":true,"audioPlay":false,"sceneViewState":{"showFog":true,"showMaterialUpdate":true,"showSkybox":true,"showFlares":true,"showImageEffects":true,"showParticleSystems":true},"in2DMode":false,"pivot":{"x":0.7980508208274841,"y":-9.42043399810791,"z":-11.502692222595215},"rotation":{"x":-0.006388946436345577,"y":0.9509624242782593,"z":-0.30861881375312807,"w":-0.019687065854668618},"size":10.0,"orthographic":false}